persona,seed,width,height,entry,event,experience,focusIndex,days,frame,habit,zoom,reducedMotion,record,attempted,generated,safetyBlocked,finalized,baselineRepair,originalHarnessErrorCount,finalHarnessErrorCount,finalProductExceptionCount,confirmedFindings,observationOnlyCodes,catalogChoice,missingNumericKinds,hiddenRequiredNumeric,unappliedPreviewId,unappliedSavedId,genericMainCount,savedSessionCount,evidenceSource,evidenceSha256
"synthetic-p001","9641711","320","800","홈","5000","NEW_TO_RUNNING","5","6","7","tab-return","1","false","stale","true","true","false","true","false","0","0","0","GENERATED_DRAFT_LOST_ON_TAB_RETURN|INCOMPATIBLE_POOL|UNAPPLIED_DRAFT_FINALIZED","","P-INTRO-ATP-T","0","false","P-INTRO-ATP-T","NULL","1","10",".scratch/persona-100-browser/baseline/synthetic-p001/evidence.json","7d08c9ddcfe4369c82a32221e0ca7ca9c89fdde87dfefd6f9bff4fff9d958e3e"
"synthetic-p002","9649630","360","667","계획","42195","NEW_TO_RUNNING","3","4","7","scroll","1","false","none","true","true","false","true","false","0","0","0","INCOMPATIBLE_POOL","START_ENABLED_WITH_UNAPPLIED_DRAFT","P-INTRO-VO2-2","0","false","","","0","10",".scratch/persona-100-browser/baseline/synthetic-p002/evidence.json","7ac82fe1b95c1d4986ab9fd1a8de620e1af5f47eabef04e9915339ac4324c975"
"synthetic-p003","9657549","375","568","일지","3000","NEW_TO_RUNNING","1","EVERY_DAY","7","keyboard-cancel","2","false","current","true","true","false","true","false","0","0","0","INCOMPATIBLE_POOL|CATALOG_APPLY_DEADEND","START_ENABLED_WITH_UNAPPLIED_DRAFT","P-BASE-C-1500","0","false","","","0","10",".scratch/persona-100-browser/baseline/synthetic-p003/evidence.json","124f65146348695d31d09885d6b92bb8d1f13bafa610955f55029273001838c1"
"synthetic-p004","9665468","390","800","분석","21097","NEW_TO_RUNNING","6","5","7","reload","1","true","stale","true","true","false","true","false","0","0","0","INCOMPATIBLE_POOL","START_ENABLED_WITH_UNAPPLIED_DRAFT","P-REC-W","0","false","","","0","10",".scratch/persona-100-browser/baseline/synthetic-p004/evidence.json","befe6753dfeb748c143ea1da7d9c1bb33f94042acd58a9805b2552b993fef8f5"
"synthetic-p005","9673387","768","667","홈","1500","DEVELOPING","4","3","7","help-back","1","false","none","true","true","false","true","true","1","0","0","INCOMPATIBLE_POOL|HIDDEN_REQUIRED_NUMERIC|APPLIED_INPUTS_LOST_ON_RETURN","START_ENABLED_WITH_UNAPPLIED_DRAFT","P-GLY-S","1","true","","","0","10",".scratch/persona-100-browser/baseline-repair/synthetic-p005/evidence.json","5cdd7026c5f8777642c297e94e7cc43257b3f77391587907a1e0d3ad42e36218"
"synthetic-p006","9681306","1280","568","계획","10000","DEVELOPING","2","6","7","tab-return","1","false","current","true","true","false","true","false","0","0","0","GENERATED_DRAFT_LOST_ON_TAB_RETURN|INCOMPATIBLE_POOL","START_ENABLED_WITH_UNAPPLIED_DRAFT","P-LT-S","0","false","","","1","10",".scratch/persona-100-browser/baseline/synthetic-p006/evidence.json","a918611f6a9dc4bfa9bf53cfa812a2637988183b03e68430bc6f84d5fd9f09f6"
"synthetic-p007","9689225","320","800","일지","800","DEVELOPING","0","4","9","scroll","1.25","false","stale","true","true","false","true","false","0","0","0","INCOMPATIBLE_POOL","START_ENABLED_WITH_UNAPPLIED_DRAFT","P-RHYTHM-T","0","false","","","1","10",".scratch/persona-100-browser/baseline/synthetic-p007/evidence.json","c50e0e41ab82ad55ff1db717188e636aae77c8b6e96d1b75d08ee018e22c4d3b"
"synthetic-p008","9697144","360","667","분석","5000","DEVELOPING","5","EVERY_DAY","9","keyboard-cancel","1","true","none","true","true","false","true","true","1","0","0","INCOMPATIBLE_POOL|HIDDEN_REQUIRED_NUMERIC|APPLIED_INPUTS_LOST_ON_RETURN","","P-ATP-A","1","true","","","1","10",".scratch/persona-100-browser/baseline-repair/synthetic-p008/evidence.json","5caae06b06dc6a98067c9613d6abfcb5bf07643b0d83f8f3cd03298f2020abea"
"synthetic-p009","9705063","375","568","홈","42195","EXPERIENCED","3","5","9","reload","1","false","current","true","true","false","true","false","0","0","0","INCOMPATIBLE_POOL|UNAPPLIED_DRAFT_FINALIZED","","X-VO2-06","0","false","X-VO2-06","X-VO2-06","0","15",".scratch/persona-100-browser/baseline/synthetic-p009/evidence.json","10475e7f328659611a4636feaa17bd1d1f08fb4b6eb8cde1edb1abe2d6b3b39f"
"synthetic-p010","9712982","390","800","계획","3000","EXPERIENCED","1","3","9","help-back","1","false","stale","true","false","true","false","false","0","0","0","","","","0","false","","","0","0",".scratch/persona-100-browser/baseline/synthetic-p010/evidence.json","d93d054bf4d80c78ec05246b65838d30de91abec312de4503f337fd990a1fe5b"
"synthetic-p011","9720901","768","667","일지","21097","EXPERIENCED","6","6","9","tab-return","1","false","none","true","true","false","true","false","0","0","0","GENERATED_DRAFT_LOST_ON_TAB_RETURN","START_ENABLED_WITH_UNAPPLIED_DRAFT","X-REC-08","0","false","","","0","10",".scratch/persona-100-browser/baseline/synthetic-p011/evidence.json","bbd90d0515e6068ea13ac5de732f2dd28cae4fd8626b703a9af22621868ae74c"
"synthetic-p012","9728820","1280","568","분석","1500","EXPERIENCED","4","4","9","scroll","1","true","current","true","true","false","true","true","1","0","0","HIDDEN_REQUIRED_NUMERIC|APPLIED_INPUTS_LOST_ON_RETURN","START_ENABLED_WITH_UNAPPLIED_DRAFT","X-GLY-01","1","true","","","1","10",".scratch/persona-100-browser/baseline-repair/synthetic-p012/evidence.json","f1df985631faa9d29412ee1cd67fe5d10dc0b8d0b02fdce095308c760c2ca05c"
"synthetic-p013","9736739","320","800","홈","10000","NEW_TO_RUNNING","2","EVERY_DAY","9","keyboard-cancel","2","false","stale","true","true","false","true","false","0","0","0","INCOMPATIBLE_POOL","START_ENABLED_WITH_UNAPPLIED_DRAFT","P-INTRO-LT-S","0","false","","","0","10",".scratch/persona-100-browser/baseline/synthetic-p013/evidence.json","02554ff475e60e3d1852b77a539cca551767e2456ee21972896626a2977fd4de"
"synthetic-p014","9744658","360","667","계획","800","NEW_TO_RUNNING","0","5","10","reload","1","false","none","true","true","false","true","false","0","0","0","INCOMPATIBLE_POOL","START_ENABLED_WITH_UNAPPLIED_DRAFT","P-INTRO-MIX-T","0","false","","","0","10",".scratch/persona-100-browser/baseline/synthetic-p014/evidence.json","bcae82e7b576997d5faeedcc597d72da79d0187ede63e201222e09953d05979b"
"synthetic-p015","9752577","375","568","일지","5000","NEW_TO_RUNNING","5","3","10","help-back","1","false","current","true","true","false","true","false","0","0","0","INCOMPATIBLE_POOL","START_ENABLED_WITH_UNAPPLIED_DRAFT","P-INTRO-ATP-T","0","false","","","0","10",".scratch/persona-100-browser/baseline/synthetic-p015/evidence.json","b0269d505fb6def3d293332e8a520e181300ff1beac321637d24546db01105ac"
"synthetic-p016","9760496","390","800","분석","42195","NEW_TO_RUNNING","3","6","10","tab-return","1","true","stale","true","true","false","true","false","0","0","0","GENERATED_DRAFT_LOST_ON_TAB_RETURN|INCOMPATIBLE_POOL","START_ENABLED_WITH_UNAPPLIED_DRAFT","P-INTRO-VO2-2","0","false","","","0","10",".scratch/persona-100-browser/baseline/synthetic-p016/evidence.json","07df4ed181742b56edbf23bf168f66744e2a401df118c79c5188a494f685a1ef"
"synthetic-p017","9768415","768","667","홈","3000","DEVELOPING","1","4","10","scroll","1.25","false","none","true","true","false","true","false","0","0","0","INCOMPATIBLE_POOL|UNAPPLIED_DRAFT_FINALIZED","","X-BASE-10","0","false","X-BASE-10","X-BASE-01","0","10",".scratch/persona-100-browser/baseline/synthetic-p017/evidence.json","d58c8390ceec5ecc508aa4fe4590ab87688c0eb034c5d9908800e13a72db77d3"
"synthetic-p018","9776334","1280","568","계획","21097","DEVELOPING","6","EVERY_DAY","10","keyboard-cancel","1","false","current","true","true","false","true","false","0","0","0","","START_ENABLED_WITH_UNAPPLIED_DRAFT","X-REC-03","0","false","","","0","19",".scratch/persona-100-browser/baseline/synthetic-p018/evidence.json","46d540c8d9451b0f0807091528815a1636848352837ae6655d1757da1e826298"
"synthetic-p019","9784253","320","800","일지","1500","DEVELOPING","4","5","10","reload","1","false","stale","true","true","false","true","true","1","0","0","INCOMPATIBLE_POOL|HIDDEN_REQUIRED_NUMERIC|APPLIED_INPUTS_LOST_ON_RETURN","START_ENABLED_WITH_UNAPPLIED_DRAFT","P-GLY-S","1","true","","","1","10",".scratch/persona-100-browser/baseline-repair/synthetic-p019/evidence.json","e9662c221bb5200857fce6f5bd107f79ede3710ed6b1cd81256d245c08d4aaed"
"synthetic-p020","9792172","360","667","분석","10000","DEVELOPING","2","3","10","help-back","1","true","none","true","false","true","false","false","0","0","0","","","","0","false","","","0","0",".scratch/persona-100-browser/baseline/synthetic-p020/evidence.json","ed80698a89c46c687008d911633bd18ba73ce41af0e171e9006b6f4b6048ff40"
"synthetic-p021","9800091","375","568","홈","800","EXPERIENCED","0","6","7","tab-return","1","false","current","true","true","false","true","true","1","0","0","GENERATED_DRAFT_LOST_ON_TAB_RETURN|INCOMPATIBLE_POOL|HIDDEN_REQUIRED_NUMERIC|APPLIED_INPUTS_LOST_ON_RETURN","START_ENABLED_WITH_UNAPPLIED_DRAFT","X-MIX-10","1","true","","","0","10",".scratch/persona-100-browser/baseline-repair/synthetic-p021/evidence.json","ba614725ebd26119c7e711a20b6366275f4c980c2240e8556a190edf5ea90f7a"
"synthetic-p022","9808010","390","800","계획","5000","EXPERIENCED","5","4","7","scroll","1","false","stale","true","true","false","true","true","1","0","0","INCOMPATIBLE_POOL|HIDDEN_REQUIRED_NUMERIC|APPLIED_INPUTS_LOST_ON_RETURN","START_ENABLED_WITH_UNAPPLIED_DRAFT","X-ATP-01","1","true","","","1","10",".scratch/persona-100-browser/baseline-repair/synthetic-p022/evidence.json","e15cc74bbb41ea0a515beeedf02e94bd5e21adac15fc95018332670b5ef23797"
"synthetic-p023","9815929","768","667","일지","42195","EXPERIENCED","3","EVERY_DAY","7","keyboard-cancel","2","false","none","true","true","false","true","false","0","0","0","INCOMPATIBLE_POOL","START_ENABLED_WITH_UNAPPLIED_DRAFT","X-VO2-06","0","false","","","0","10",".scratch/persona-100-browser/baseline/synthetic-p023/evidence.json","1af9ad395a1d782854a807454ac058079ab19c6641c92e2b9c1d1404a720abb0"
"synthetic-p024","9823848","1280","568","분석","3000","EXPERIENCED","1","5","7","reload","1","true","current","true","true","false","true","false","0","0","0","CATALOG_APPLY_DEADEND","START_ENABLED_WITH_UNAPPLIED_DRAFT","X-BASE-01","0","false","","","0","10",".scratch/persona-100-browser/baseline/synthetic-p024/evidence.json","6d333d94ee32fed3673ed23b0efd21dd5f67ef5b3e31faa74048067ac2fb48c9"
"synthetic-p025","9831767","320","800","홈","21097","NEW_TO_RUNNING","6","3","7","help-back","1","false","stale","true","true","false","true","false","0","0","0","INCOMPATIBLE_POOL|UNAPPLIED_DRAFT_FINALIZED","","P-REC-W","0","false","P-REC-W","P-REC-W","0","10",".scratch/persona-100-browser/baseline/synthetic-p025/evidence.json","0b6fd3ebea7b83ec1db77395b3c2d518559967dffed36250ef2189233126471e"
"synthetic-p026","9839686","360","667","계획","1500","NEW_TO_RUNNING","4","6","7","tab-return","1","false","none","true","true","false","true","true","1","0","0","GENERATED_DRAFT_LOST_ON_TAB_RETURN|INCOMPATIBLE_POOL|HIDDEN_REQUIRED_NUMERIC|CATALOG_APPLY_DEADEND","","P-GLY-D","1","true","","","1","10",".scratch/persona-100-browser/baseline-repair/synthetic-p026/evidence.json","45c163ab51ee2e2176de09a49b8fb9221966525469d68123ff56cf04123fca9e"
"synthetic-p027","9847605","375","568","일지","10000","NEW_TO_RUNNING","2","4","7","scroll","1.25","false","current","true","true","false","true","false","0","0","0","INCOMPATIBLE_POOL","START_ENABLED_WITH_UNAPPLIED_DRAFT","P-INTRO-LT-S","0","false","","","0","14",".scratch/persona-100-browser/baseline/synthetic-p027/evidence.json","1881c7c799887b1ce6fcc387880666393387381aff984bd60a27f48407e30c02"
"synthetic-p028","9855524","390","800","분석","800","NEW_TO_RUNNING","0","EVERY_DAY","9","keyboard-cancel","1","true","stale","true","true","false","true","false","0","0","0","INCOMPATIBLE_POOL","START_ENABLED_WITH_UNAPPLIED_DRAFT","P-INTRO-MIX-T","0","false","","","0","10",".scratch/persona-100-browser/baseline/synthetic-p028/evidence.json","1c62e2b020fac73094bdf31d4509dc219cd918293d7a5bb42c2e744276957a4b"
"synthetic-p029","9863443","768","667","홈","5000","DEVELOPING","5","5","9","reload","1","false","none","true","true","false","true","false","0","0","0","INCOMPATIBLE_POOL","START_ENABLED_WITH_UNAPPLIED_DRAFT","P-ATP-T","0","false","","","1","10",".scratch/persona-100-browser/baseline/synthetic-p029/evidence.json","8b1fe3cdad3ca0fd6426e883892156e245e29ed162801fceec2346fa5792bbbb"
"synthetic-p030","9871362","1280","568","계획","42195","DEVELOPING","3","3","9","help-back","1","false","current","true","false","true","false","false","0","0","0","","","","0","false","","","0","0",".scratch/persona-100-browser/baseline/synthetic-p030/evidence.json","31c4d87647e3951b746834c1042ae54af47a2722a51ca1f07a07c6d87a12a1b9"
"synthetic-p031","9879281","320","800","일지","3000","DEVELOPING","1","6","9","tab-return","1","false","stale","true","true","false","true","true","1","0","0","GENERATED_DRAFT_LOST_ON_TAB_RETURN|INCOMPATIBLE_POOL|HIDDEN_REQUIRED_NUMERIC|APPLIED_INPUTS_LOST_ON_RETURN","START_ENABLED_WITH_UNAPPLIED_DRAFT","X-BASE-06","1","true","","","0","10",".scratch/persona-100-browser/baseline-repair/synthetic-p031/evidence.json","21340545c57d062380053a9150dab8aa95f6905ca6c0452c1bebcf133de0936e"
"synthetic-p032","9887200","360","667","분석","21097","DEVELOPING","6","4","9","scroll","1","true","none","true","true","false","true","false","0","0","0","","START_ENABLED_WITH_UNAPPLIED_DRAFT","X-REC-01","0","false","","","0","10",".scratch/persona-100-browser/baseline/synthetic-p032/evidence.json","f46339e8a05bbd62b147bce7e963a6ef15c6386587178d87d18a1233329f006b"
"synthetic-p033","9895119","375","568","홈","1500","EXPERIENCED","4","EVERY_DAY","9","keyboard-cancel","2","false","current","true","true","false","true","false","0","0","0","HIDDEN_REQUIRED_NUMERIC|UNAPPLIED_DRAFT_FINALIZED","","P-INTRO-GLY-D","1","true","P-INTRO-GLY-D","NULL","2","10",".scratch/persona-100-browser/baseline/synthetic-p033/evidence.json","79d1ce6174a366c66905bca727bafa1f63b568c8862b465f81c7210366c13f6b"
"synthetic-p034","9903038","390","800","계획","10000","EXPERIENCED","2","5","9","reload","1","false","stale","true","true","false","true","false","0","0","0","INCOMPATIBLE_POOL","START_ENABLED_WITH_UNAPPLIED_DRAFT","X-LT-09","0","false","","","1","10",".scratch/persona-100-browser/baseline/synthetic-p034/evidence.json","f88ef886efa363a78334c029ed1e55f10ee20dbb8f8946a12c8ff36821103dd4"
"synthetic-p035","9910957","768","667","일지","800","EXPERIENCED","0","3","10","help-back","1","false","none","true","true","false","true","true","1","0","0","INCOMPATIBLE_POOL|HIDDEN_REQUIRED_NUMERIC|APPLIED_INPUTS_LOST_ON_RETURN","START_ENABLED_WITH_UNAPPLIED_DRAFT","X-HILL-12","1","true","","","0","10",".scratch/persona-100-browser/baseline-repair/synthetic-p035/evidence.json","8e7f220037b8da58fa0b3e8f59889d37dd0120d169fdd8f137a02565d22e14bc"
"synthetic-p036","9918876","1280","568","분석","5000","EXPERIENCED","5","6","10","tab-return","1","true","current","true","true","false","true","true","1","0","0","GENERATED_DRAFT_LOST_ON_TAB_RETURN|INCOMPATIBLE_POOL|HIDDEN_REQUIRED_NUMERIC|APPLIED_INPUTS_LOST_ON_RETURN","START_ENABLED_WITH_UNAPPLIED_DRAFT","X-ATP-07","3","true","","","1","15",".scratch/persona-100-browser/baseline-repair/synthetic-p036/evidence.json","014ee604f96f7fbe9e09e9e4711c79a20c374d9f6b2807428dd420d0ae252e1a"
"synthetic-p037","9926795","320","800","홈","42195","NEW_TO_RUNNING","3","4","10","scroll","1.25","false","stale","true","true","false","true","false","0","0","0","INCOMPATIBLE_POOL","START_ENABLED_WITH_UNAPPLIED_DRAFT","P-INTRO-VO2-3","0","false","","","0","10",".scratch/persona-100-browser/baseline/synthetic-p037/evidence.json","3b6e430ae134f2d64a3e27d4e86bc41e66d6ba7237dd73191a68fda315b24fb4"
"synthetic-p038","9934714","360","667","계획","3000","NEW_TO_RUNNING","1","EVERY_DAY","10","keyboard-cancel","1","false","none","true","true","false","true","false","0","0","0","INCOMPATIBLE_POOL","START_ENABLED_WITH_UNAPPLIED_DRAFT","P-BASE-C-1200","0","false","","","0","10",".scratch/persona-100-browser/baseline/synthetic-p038/evidence.json","08d995268d8ca31bebc6ab88ea9377622af4e85cb2dab669a9d3d13174194aaf"
"synthetic-p039","9942633","375","568","일지","21097","NEW_TO_RUNNING","6","5","10","reload","1","false","current","true","true","false","true","false","0","0","0","INCOMPATIBLE_POOL","START_ENABLED_WITH_UNAPPLIED_DRAFT","P-REC-W","0","false","","","0","10",".scratch/persona-100-browser/baseline/synthetic-p039/evidence.json","702dec31feb7f3874cefb68339fe1882e5a7cf749b643eab4c8996c95c3b78d2"
"synthetic-p040","9950552","390","800","분석","1500","NEW_TO_RUNNING","4","3","10","help-back","1","true","stale","true","false","true","false","false","0","0","0","","","","0","false","","","0","0",".scratch/persona-100-browser/baseline/synthetic-p040/evidence.json","7785773e953232fa05f90f19b5d2c92cf33e8b8a99f842abb5c1c7bd460d1ff8"
"synthetic-p041","9958471","768","667","홈","10000","DEVELOPING","2","6","10","tab-return","1","false","none","true","true","false","true","false","0","0","0","GENERATED_DRAFT_LOST_ON_TAB_RETURN|INCOMPATIBLE_POOL|UNAPPLIED_DRAFT_FINALIZED","","P-LT-B","0","false","P-LT-B","NULL","2","10",".scratch/persona-100-browser/baseline/synthetic-p041/evidence.json","ec63bd1a7b8e89ebe4acf6efd69d15dc7798ac622c5566172a8069cc9e7b3b3e"
"synthetic-p042","9966390","1280","568","계획","800","DEVELOPING","0","4","7","scroll","1","false","current","true","true","false","false","true","1","0","1","INCOMPATIBLE_POOL|HIDDEN_REQUIRED_NUMERIC|SMALL_TAP_TARGET|RUNTIME_PAGE_ERROR","START_ENABLED_WITH_UNAPPLIED_DRAFT","P-RHYTHM-300","2","true","","","0","0",".scratch/persona-100-browser/baseline-repair/synthetic-p042/evidence.json","57d8ee8d96032fa5f8d56ba99fc588a10aff10b72fcc8c3382439758bfb71733"
"synthetic-p043","9974309","320","800","일지","5000","DEVELOPING","5","EVERY_DAY","7","keyboard-cancel","2","false","stale","true","true","false","true","true","1","0","0","INCOMPATIBLE_POOL|HIDDEN_REQUIRED_NUMERIC|APPLIED_INPUTS_LOST_ON_RETURN","START_ENABLED_WITH_UNAPPLIED_DRAFT","P-ATP-A-5","1","true","","","1","10",".scratch/persona-100-browser/baseline-repair/synthetic-p043/evidence.json","9d32ae2e7dba9c853a376eda187cdbcb590db79fba0bc52dc2dcd8742430537c"
"synthetic-p044","9982228","360","667","분석","42195","DEVELOPING","3","5","7","reload","1","true","none","true","true","false","true","false","0","0","0","INCOMPATIBLE_POOL","START_ENABLED_WITH_UNAPPLIED_DRAFT","P-VO2-4","0","false","","","1","10",".scratch/persona-100-browser/baseline/synthetic-p044/evidence.json","3c4180a14281d990e1f1092bf8dad83f32198e6ba753a17bac32f65b99cd7079"
"synthetic-p045","9990147","375","568","홈","3000","EXPERIENCED","1","3","7","help-back","1","false","current","true","true","false","true","false","0","0","0","","START_ENABLED_WITH_UNAPPLIED_DRAFT","X-REC-02","0","false","","","0","13",".scratch/persona-100-browser/baseline/synthetic-p045/evidence.json","549608de7ffda999c4b6b8fc4797ddeb54af587cc5cc7042d9218bd36daf3902"
"synthetic-p046","9998066","390","800","계획","21097","EXPERIENCED","6","6","7","tab-return","1","false","stale","true","true","false","true","false","0","0","0","GENERATED_DRAFT_LOST_ON_TAB_RETURN","START_ENABLED_WITH_UNAPPLIED_DRAFT","X-REC-07","0","false","","","0","10",".scratch/persona-100-browser/baseline/synthetic-p046/evidence.json","d73497af89ff12a0c23ffea10bf7eb37aeeac24ca67c057ea33e25dfb6852220"
"synthetic-p047","10005985","768","667","일지","1500","EXPERIENCED","4","4","7","scroll","1.25","false","none","true","true","false","true","true","1","0","0","HIDDEN_REQUIRED_NUMERIC|APPLIED_INPUTS_LOST_ON_RETURN","START_ENABLED_WITH_UNAPPLIED_DRAFT","X-GLY-05","2","true","","","1","10",".scratch/persona-100-browser/baseline-repair/synthetic-p047/evidence.json","f2bce5f7dd431bab298c634d2776a384ac589931fd7f0f129f9e2e62644da832"
"synthetic-p048","10013904","1280","568","분석","10000","EXPERIENCED","2","EVERY_DAY","7","keyboard-cancel","1","true","current","true","true","false","true","false","0","0","0","INCOMPATIBLE_POOL","START_ENABLED_WITH_UNAPPLIED_DRAFT","X-LT-09","0","false","","","1","10",".scratch/persona-100-browser/baseline/synthetic-p048/evidence.json","695a499d6e9ccedd9bcef3d1d9d8a976ec80ad365b2cf4cd84c8538b5f4eb6c9"
"synthetic-p049","10021823","320","800","홈","800","NEW_TO_RUNNING","0","5","9","reload","1","false","stale","true","true","false","true","false","0","0","0","INCOMPATIBLE_POOL|UNAPPLIED_DRAFT_FINALIZED","","P-INTRO-MIX-S","0","false","P-INTRO-MIX-S","P-INTRO-MIX-S","0","10",".scratch/persona-100-browser/baseline/synthetic-p049/evidence.json","eadab7391d7d5ea51c6947a66f42c09d39ad9f642e622f237781b3e30c017940"
"synthetic-p050","10029742","360","667","계획","5000","NEW_TO_RUNNING","5","3","9","help-back","1","false","none","true","false","true","false","false","0","0","0","","","","0","false","","","0","0",".scratch/persona-100-browser/baseline/synthetic-p050/evidence.json","bdce19a7ef2e3954b6ebc2dbb8c6065a71c87fc410396c74d89a5cebb1ed591b"
"synthetic-p051","10037661","375","568","일지","42195","NEW_TO_RUNNING","3","6","9","tab-return","1","false","current","true","true","false","true","false","0","0","0","GENERATED_DRAFT_LOST_ON_TAB_RETURN|INCOMPATIBLE_POOL","START_ENABLED_WITH_UNAPPLIED_DRAFT","P-INTRO-VO2-3","0","false","","","0","10",".scratch/persona-100-browser/baseline/synthetic-p051/evidence.json","23469817789ae0408a0bb26f2b06eec5a39211e231b301de3b611572e8b5d554"
"synthetic-p052","10045580","390","800","분석","3000","NEW_TO_RUNNING","1","4","9","scroll","1","true","stale","true","true","false","true","false","0","0","0","INCOMPATIBLE_POOL|CATALOG_APPLY_DEADEND","START_ENABLED_WITH_UNAPPLIED_DRAFT","P-BASE-C","0","false","","","0","10",".scratch/persona-100-browser/baseline/synthetic-p052/evidence.json","6100fd11c2afe250ce5caacb5df76229c3afc54690b4c9f03d9c23955b5ae32d"
"synthetic-p053","10053499","768","667","홈","21097","DEVELOPING","6","EVERY_DAY","9","keyboard-cancel","2","false","none","true","true","false","true","false","0","0","0","","START_ENABLED_WITH_UNAPPLIED_DRAFT","X-REC-02","0","false","","","0","10",".scratch/persona-100-browser/baseline/synthetic-p053/evidence.json","e107aa468995de8df88c040f172bce4dea6e63462d09d1279d54d92fbe4785ef"
"synthetic-p054","10061418","1280","568","계획","1500","DEVELOPING","4","5","9","reload","1","false","current","true","true","false","true","true","1","0","0","INCOMPATIBLE_POOL|HIDDEN_REQUIRED_NUMERIC|APPLIED_INPUTS_LOST_ON_RETURN","","P-GLY-D","1","true","","","1","15",".scratch/persona-100-browser/baseline-repair/synthetic-p054/evidence.json","48e43b957b9ddd8aa0b45e91f9d56169e7d97af3dfc5ceae87f0c33ad40cdfad"
"synthetic-p055","10069337","320","800","일지","10000","DEVELOPING","2","3","9","help-back","1","false","stale","true","true","false","true","false","0","0","0","INCOMPATIBLE_POOL","START_ENABLED_WITH_UNAPPLIED_DRAFT","P-LT-B-480","0","false","","","0","10",".scratch/persona-100-browser/baseline/synthetic-p055/evidence.json","7cb1f95f3b778ef0039a07e92c01fdb30618137d0b61a6a9c339971bb6f1a3d1"
"synthetic-p056","10077256","360","667","분석","800","DEVELOPING","0","6","10","tab-return","1","true","none","true","true","false","true","false","0","0","0","GENERATED_DRAFT_LOST_ON_TAB_RETURN|INCOMPATIBLE_POOL","START_ENABLED_WITH_UNAPPLIED_DRAFT","P-RHYTHM-TS","0","false","","","1","10",".scratch/persona-100-browser/baseline/synthetic-p056/evidence.json","766d5434a34d2c08bd5b572d3637fc2c7f8eb6c5b6f6d1efcbe4419bdcc12df6"
"synthetic-p057","10085175","375","568","홈","5000","EXPERIENCED","5","4","10","scroll","1.25","false","current","true","true","false","true","false","0","0","0","INCOMPATIBLE_POOL|HIDDEN_REQUIRED_NUMERIC|UNAPPLIED_DRAFT_FINALIZED","","X-ATP-05","1","true","X-ATP-05","NULL","2","10",".scratch/persona-100-browser/baseline/synthetic-p057/evidence.json","85068cde63b77ffb10d82ddd8be21c683c18eea656f22048bf97e4eb6bd4e433"
"synthetic-p058","10093094","390","800","계획","42195","EXPERIENCED","3","EVERY_DAY","10","keyboard-cancel","1","false","stale","true","true","false","true","true","1","0","0","INCOMPATIBLE_POOL|HIDDEN_REQUIRED_NUMERIC|APPLIED_INPUTS_LOST_ON_RETURN","START_ENABLED_WITH_UNAPPLIED_DRAFT","X-HILL-05","1","true","","","0","10",".scratch/persona-100-browser/baseline-repair/synthetic-p058/evidence.json","928b56ddea38776e744e9920b3034699e72079683c9fa52ee6115328caa4b2cd"
"synthetic-p059","10101013","768","667","일지","3000","EXPERIENCED","1","5","10","reload","1","false","none","true","true","false","true","true","1","0","0","HIDDEN_REQUIRED_NUMERIC|APPLIED_INPUTS_LOST_ON_RETURN","START_ENABLED_WITH_UNAPPLIED_DRAFT","X-HILL-10","1","true","","","0","10",".scratch/persona-100-browser/baseline-repair/synthetic-p059/evidence.json","70c20016f0db54b7b5bb17e36c6ec667c6a6a9ef1216df5666255cd199baf11d"
"synthetic-p060","10108932","1280","568","분석","21097","EXPERIENCED","6","3","10","help-back","1","true","current","true","false","true","false","false","0","0","0","","","","0","false","","","0","0",".scratch/persona-100-browser/baseline/synthetic-p060/evidence.json","e14d305fcdd535f2e48033fa0cc65a1a37826a0c070da836cff6bec66bf518a5"
"synthetic-p061","10116851","320","800","홈","1500","NEW_TO_RUNNING","4","6","10","tab-return","1","false","stale","true","true","false","true","true","1","0","0","GENERATED_DRAFT_LOST_ON_TAB_RETURN|INCOMPATIBLE_POOL|HIDDEN_REQUIRED_NUMERIC|CATALOG_APPLY_DEADEND","","P-GLY-D","1","true","","","1","10",".scratch/persona-100-browser/baseline-repair/synthetic-p061/evidence.json","1b23382c503a769ab25945793748916fc5fedd8e47039a2048a1e3467b1dff1a"
"synthetic-p062","10124770","360","667","계획","10000","NEW_TO_RUNNING","2","4","10","scroll","1","false","none","true","true","false","true","false","0","0","0","INCOMPATIBLE_POOL","START_ENABLED_WITH_UNAPPLIED_DRAFT","P-INTRO-LT-C","0","false","","","0","10",".scratch/persona-100-browser/baseline/synthetic-p062/evidence.json","ccecf2488c69157460d2b5e459d05b7c7b223548f3db806048bf7e11b0e053cd"
"synthetic-p063","10132689","375","568","일지","800","NEW_TO_RUNNING","0","EVERY_DAY","7","keyboard-cancel","2","false","current","true","true","false","true","false","0","0","0","INCOMPATIBLE_POOL","START_ENABLED_WITH_UNAPPLIED_DRAFT","P-INTRO-MIX-S","0","false","","","0","17",".scratch/persona-100-browser/baseline/synthetic-p063/evidence.json","9075f74df37d5f20177f6b5850a0dc5d92651e01d5f39badbaeecb8ff22b4abb"
"synthetic-p064","10140608","390","800","분석","5000","NEW_TO_RUNNING","5","5","7","reload","1","true","stale","true","true","false","true","true","1","0","0","INCOMPATIBLE_POOL|HIDDEN_REQUIRED_NUMERIC|APPLIED_INPUTS_LOST_ON_RETURN","START_ENABLED_WITH_UNAPPLIED_DRAFT","P-INTRO-ATP-A","1","true","","","0","10",".scratch/persona-100-browser/baseline-repair/synthetic-p064/evidence.json","3a5d7d8afc5449fe26f609080fdaac2cd8667aaf549c5587181263de305b17f9"
"synthetic-p065","10148527","768","667","홈","42195","DEVELOPING","3","3","7","help-back","1","false","none","true","true","false","true","false","0","0","0","INCOMPATIBLE_POOL|UNAPPLIED_DRAFT_FINALIZED","","P-VO2-2","0","false","P-VO2-2","NULL","1","10",".scratch/persona-100-browser/baseline/synthetic-p065/evidence.json","1f280e7d84e011e276673c7d0f5c51bbc7713e1225718675b6f6faea2732fdb5"
"synthetic-p066","10156446","1280","568","계획","3000","DEVELOPING","1","6","7","tab-return","1","false","current","true","true","false","true","false","0","0","0","GENERATED_DRAFT_LOST_ON_TAB_RETURN|INCOMPATIBLE_POOL|CATALOG_APPLY_DEADEND","START_ENABLED_WITH_UNAPPLIED_DRAFT","X-BASE-05","0","false","","","0","10",".scratch/persona-100-browser/baseline/synthetic-p066/evidence.json","97b51790e3e83dff7fd0b9cc6692b15d687e21c400f563e66d95325c88ffefdd"
"synthetic-p067","10164365","320","800","일지","21097","DEVELOPING","6","4","7","scroll","1.25","false","stale","true","true","false","true","false","0","0","0","","START_ENABLED_WITH_UNAPPLIED_DRAFT","X-REC-08","0","false","","","0","10",".scratch/persona-100-browser/baseline/synthetic-p067/evidence.json","3e043696ce9e4d9c257c8f3c1ce58b8bf9a9d94b6336855db0648f9c78097612"
"synthetic-p068","10172284","360","667","분석","1500","DEVELOPING","4","EVERY_DAY","7","keyboard-cancel","1","true","none","true","true","false","true","true","1","0","0","INCOMPATIBLE_POOL|HIDDEN_REQUIRED_NUMERIC|APPLIED_INPUTS_LOST_ON_RETURN","","P-GLY-D","1","true","","","1","10",".scratch/persona-100-browser/baseline-repair/synthetic-p068/evidence.json","46dc735e759840efd10fcf9b703b37a9a5183b2515849e614f3ab0e0dbc71884"
"synthetic-p069","10180203","375","568","홈","10000","EXPERIENCED","2","5","7","reload","1","false","current","true","true","false","true","false","0","0","0","INCOMPATIBLE_POOL","START_ENABLED_WITH_UNAPPLIED_DRAFT","X-LT-02","0","false","","","1","10",".scratch/persona-100-browser/baseline/synthetic-p069/evidence.json","dc10843bd5410f935cb7fa9dfbabe88aa8337aa7b6cf053d64210033897f45ab"
"synthetic-p070","10188122","390","800","계획","800","EXPERIENCED","0","3","9","help-back","1","false","stale","true","false","true","false","false","0","0","0","","","","0","false","","","0","0",".scratch/persona-100-browser/baseline/synthetic-p070/evidence.json","a43f2c77d49bdbb3d37bee24356289dd40d18b24ab9a36751c519280bf612c3d"
"synthetic-p071","10196041","768","667","일지","5000","EXPERIENCED","5","6","9","tab-return","1","false","none","true","true","false","true","true","1","0","0","GENERATED_DRAFT_LOST_ON_TAB_RETURN|INCOMPATIBLE_POOL|HIDDEN_REQUIRED_NUMERIC|APPLIED_INPUTS_LOST_ON_RETURN","START_ENABLED_WITH_UNAPPLIED_DRAFT","X-HILL-03","2","true","","","1","10",".scratch/persona-100-browser/baseline-repair/synthetic-p071/evidence.json","54c2c0b7a0d57ca033b8386ca5f52b2cdfe3779123213b980945ef9f99198ed1"
"synthetic-p072","10203960","1280","568","분석","42195","EXPERIENCED","3","4","9","scroll","1","true","current","true","true","false","true","true","1","0","0","INCOMPATIBLE_POOL|HIDDEN_REQUIRED_NUMERIC|APPLIED_INPUTS_LOST_ON_RETURN","START_ENABLED_WITH_UNAPPLIED_DRAFT","X-HILL-05","1","true","","","0","14",".scratch/persona-100-browser/baseline-repair/synthetic-p072/evidence.json","421e4d38cb808c3c86e9011c2f5b3595bf6c1e80f42d4691a521c148b2e68389"
"synthetic-p073","10211879","320","800","홈","3000","NEW_TO_RUNNING","1","EVERY_DAY","9","keyboard-cancel","2","false","stale","true","true","false","true","false","0","0","0","INCOMPATIBLE_POOL|UNAPPLIED_DRAFT_FINALIZED","","P-BASE-B","0","false","P-BASE-B","P-BASE-B","0","10",".scratch/persona-100-browser/baseline/synthetic-p073/evidence.json","1fcae7aad74e7d8ce22e70e7257873fd5af8a92a7ce5449d8d334fc05165d2ff"
"synthetic-p074","10219798","360","667","계획","21097","NEW_TO_RUNNING","6","5","9","reload","1","false","none","true","true","false","true","false","0","0","0","INCOMPATIBLE_POOL","START_ENABLED_WITH_UNAPPLIED_DRAFT","P-REC-W","0","false","","","0","10",".scratch/persona-100-browser/baseline/synthetic-p074/evidence.json","afde5e89aee3cb0736aae2df537cc8d5b104c5bf8413d6b49ad4538f9b936a9b"
"synthetic-p075","10227717","375","568","일지","1500","NEW_TO_RUNNING","4","3","9","help-back","1","false","current","true","true","false","true","true","1","0","0","INCOMPATIBLE_POOL|HIDDEN_REQUIRED_NUMERIC|CATALOG_APPLY_DEADEND","","P-GLY-D","1","true","","","1","10",".scratch/persona-100-browser/baseline-repair/synthetic-p075/evidence.json","cb725af42bed7046834f4e8129103f2ef95689c7fa080e48cf5d9678921a2866"
"synthetic-p076","10235636","390","800","분석","10000","NEW_TO_RUNNING","2","6","9","tab-return","1","true","stale","true","true","false","true","false","0","0","0","GENERATED_DRAFT_LOST_ON_TAB_RETURN|INCOMPATIBLE_POOL","START_ENABLED_WITH_UNAPPLIED_DRAFT","P-INTRO-LT-C","0","false","","","0","10",".scratch/persona-100-browser/baseline/synthetic-p076/evidence.json","1bba1f33d50e46f86632271a9e45f34f124c02a86b9b394a81ce8607a8e79c3e"
"synthetic-p077","10243555","768","667","홈","800","DEVELOPING","0","4","10","scroll","1.25","false","none","true","true","false","true","false","0","0","0","INCOMPATIBLE_POOL","START_ENABLED_WITH_UNAPPLIED_DRAFT","P-RHYTHM-TS","0","false","","","1","10",".scratch/persona-100-browser/baseline/synthetic-p077/evidence.json","2ba408f7e5537bdbefb737229d30c0134f742f94a6283e5bbacc176a76deabb7"
"synthetic-p078","10251474","1280","568","계획","5000","DEVELOPING","5","EVERY_DAY","10","keyboard-cancel","1","false","current","true","true","false","true","true","1","0","0","INCOMPATIBLE_POOL|HIDDEN_REQUIRED_NUMERIC|APPLIED_INPUTS_LOST_ON_RETURN","START_ENABLED_WITH_UNAPPLIED_DRAFT","P-ATP-A-4","1","true","","","1","10",".scratch/persona-100-browser/baseline-repair/synthetic-p078/evidence.json","a9b8726616c0615a8e86116e590a6d156632fed3a4a49ebdbf73ec8da4cb4208"
"synthetic-p079","10259393","320","800","일지","42195","DEVELOPING","3","5","10","reload","1","false","stale","true","true","false","true","false","0","0","0","INCOMPATIBLE_POOL","START_ENABLED_WITH_UNAPPLIED_DRAFT","P-VO2-4","0","false","","","1","10",".scratch/persona-100-browser/baseline/synthetic-p079/evidence.json","843d94cdbbf34ba90cd8f81c5765260a3788d3de502e7645f15a17e31d59c866"
"synthetic-p080","10267312","360","667","분석","3000","DEVELOPING","1","3","10","help-back","1","true","none","true","false","true","false","false","0","0","0","","","","0","false","","","0","0",".scratch/persona-100-browser/baseline/synthetic-p080/evidence.json","aecbe3aba2fd3bbabf347de575e4c0d2c63b5bcb7bbcd930e7ac076ea2ba238f"
"synthetic-p081","10275231","375","568","홈","21097","EXPERIENCED","6","6","10","tab-return","1","false","current","true","true","false","true","false","0","0","0","GENERATED_DRAFT_LOST_ON_TAB_RETURN|UNAPPLIED_DRAFT_FINALIZED","","X-REC-06","0","false","X-REC-06","X-REC-02","0","15",".scratch/persona-100-browser/baseline/synthetic-p081/evidence.json","5ba9ed14c06cdc1c69984a3aca3aa9574fd3af103ea16e74727629e808249ced"
"synthetic-p082","10283150","390","800","계획","1500","EXPERIENCED","4","4","10","scroll","1","false","stale","true","true","false","true","true","1","0","0","HIDDEN_REQUIRED_NUMERIC|APPLIED_INPUTS_LOST_ON_RETURN","START_ENABLED_WITH_UNAPPLIED_DRAFT","X-HILL-04","1","true","","","1","10",".scratch/persona-100-browser/baseline-repair/synthetic-p082/evidence.json","15bbb7e942e5cdc83b83ce932bd9a90dae4e09a2dc47a61247a07f719b1b8cc0"
"synthetic-p083","10291069","768","667","일지","10000","EXPERIENCED","2","EVERY_DAY","10","keyboard-cancel","2","false","none","true","true","false","true","true","1","0","0","INCOMPATIBLE_POOL|HIDDEN_REQUIRED_NUMERIC|APPLIED_INPUTS_LOST_ON_RETURN","START_ENABLED_WITH_UNAPPLIED_DRAFT","X-LT-02","1","true","","","1","10",".scratch/persona-100-browser/baseline-repair/synthetic-p083/evidence.json","10a926c541e834dbdcf3b5153f717fcc951484917a5c87283946733bd722b848"
"synthetic-p084","10298988","1280","568","분석","800","EXPERIENCED","0","5","7","reload","1","true","current","true","true","false","true","false","0","0","0","INCOMPATIBLE_POOL","START_ENABLED_WITH_UNAPPLIED_DRAFT","X-MIX-01","0","false","","","0","10",".scratch/persona-100-browser/baseline/synthetic-p084/evidence.json","241553dd6b0461a1f3afb94e3d40f5141a2f181e47287ee97acd6793ad027a97"
"synthetic-p085","10306907","320","800","홈","5000","NEW_TO_RUNNING","5","3","7","help-back","1","false","stale","true","true","false","true","false","0","0","0","INCOMPATIBLE_POOL","START_ENABLED_WITH_UNAPPLIED_DRAFT","P-INTRO-ATP-T","0","false","","","0","10",".scratch/persona-100-browser/baseline/synthetic-p085/evidence.json","b86f6aae7e47abc7ed743c4c78b00d4b535e10f2fb026ad1b34b469150508f23"
"synthetic-p086","10314826","360","667","계획","42195","NEW_TO_RUNNING","3","6","7","tab-return","1","false","none","true","true","false","true","false","0","0","0","GENERATED_DRAFT_LOST_ON_TAB_RETURN|INCOMPATIBLE_POOL","START_ENABLED_WITH_UNAPPLIED_DRAFT","P-INTRO-VO2-2","0","false","","","0","10",".scratch/persona-100-browser/baseline/synthetic-p086/evidence.json","30ea525420f8d71e97c5b68cff2e991db8008594b2c1dfb08dd4d8f96701a7c2"
"synthetic-p087","10322745","375","568","일지","3000","NEW_TO_RUNNING","1","4","7","scroll","1.25","false","current","true","true","false","true","false","0","0","0","INCOMPATIBLE_POOL|CATALOG_APPLY_DEADEND","START_ENABLED_WITH_UNAPPLIED_DRAFT","P-BASE-C-1500","0","false","","","0","10",".scratch/persona-100-browser/baseline/synthetic-p087/evidence.json","1f081ddb3fc9fe7097a1ef434b3736c14411924dadf7a37b789595194a909222"
"synthetic-p088","10330664","390","800","분석","21097","NEW_TO_RUNNING","6","EVERY_DAY","7","keyboard-cancel","1","true","stale","true","true","false","true","false","0","0","0","INCOMPATIBLE_POOL","START_ENABLED_WITH_UNAPPLIED_DRAFT","P-REC-W","0","false","","","0","10",".scratch/persona-100-browser/baseline/synthetic-p088/evidence.json","1c0653a5092bbe896f33a4a6802d3ad4ed4b5287148859bbef7ab5a4227a3978"
"synthetic-p089","10338583","768","667","홈","1500","DEVELOPING","4","5","7","reload","1","false","none","true","true","false","true","false","0","0","0","INCOMPATIBLE_POOL|HIDDEN_REQUIRED_NUMERIC|UNAPPLIED_DRAFT_FINALIZED","","P-GLY-S","1","true","P-GLY-S","NULL","2","10",".scratch/persona-100-browser/baseline/synthetic-p089/evidence.json","5804ea3d5c1a4455e43648172666dd72cd7447056b240162ef83185e8b8e558c"
"synthetic-p090","10346502","1280","568","계획","10000","DEVELOPING","2","3","7","help-back","1","false","current","true","false","true","false","false","0","0","0","","","","0","false","","","0","0",".scratch/persona-100-browser/baseline/synthetic-p090/evidence.json","0c784a5e03c18124779fcef20fdf41d0a2ef9411a2f717867e38ddf902404fdc"
"synthetic-p091","10354421","320","800","일지","800","DEVELOPING","0","6","9","tab-return","1","false","stale","true","true","false","true","false","0","0","0","GENERATED_DRAFT_LOST_ON_TAB_RETURN|INCOMPATIBLE_POOL","START_ENABLED_WITH_UNAPPLIED_DRAFT","P-RHYTHM-T","0","false","","","1","10",".scratch/persona-100-browser/baseline/synthetic-p091/evidence.json","2cd82d6ffede89d8cae129e31810cc0ffa861b83e9dc887934a805ccbb5b29a4"
"synthetic-p092","10362340","360","667","분석","5000","DEVELOPING","5","4","9","scroll","1","true","none","true","true","false","true","true","1","0","0","INCOMPATIBLE_POOL|HIDDEN_REQUIRED_NUMERIC|APPLIED_INPUTS_LOST_ON_RETURN","","P-ATP-A","1","true","","","1","10",".scratch/persona-100-browser/baseline-repair/synthetic-p092/evidence.json","e3bb4681d264e8b8ed47442b8155147b70bb6e194ebaf82ab3647182d7b5c905"
"synthetic-p093","10370259","375","568","홈","42195","EXPERIENCED","3","EVERY_DAY","9","keyboard-cancel","2","false","current","true","true","false","true","false","0","0","0","INCOMPATIBLE_POOL","START_ENABLED_WITH_UNAPPLIED_DRAFT","X-VO2-06","0","false","","","0","10",".scratch/persona-100-browser/baseline/synthetic-p093/evidence.json","2120ab229761bcb4117e3b8f8c605ff9d8b1b9b9213bc5e86107fed601befce9"
"synthetic-p094","10378178","390","800","계획","3000","EXPERIENCED","1","5","9","reload","1","false","stale","true","true","false","true","false","0","0","0","","START_ENABLED_WITH_UNAPPLIED_DRAFT","X-HILL-09","0","false","","","0","10",".scratch/persona-100-browser/baseline/synthetic-p094/evidence.json","baa655b13723cf6e25e536e27ac78ad550bbe69858f7a542ea123feeafa49b5d"
"synthetic-p095","10386097","768","667","일지","21097","EXPERIENCED","6","3","9","help-back","1","false","none","true","true","false","true","false","0","0","0","","START_ENABLED_WITH_UNAPPLIED_DRAFT","X-REC-04","0","false","","","0","10",".scratch/persona-100-browser/baseline/synthetic-p095/evidence.json","eda79b207e5d20d2260256db5363509450beeb6a72ceefade17f71e966154d9d"
"synthetic-p096","10394016","1280","568","분석","1500","EXPERIENCED","4","6","9","tab-return","1","true","current","true","true","false","true","true","1","0","0","GENERATED_DRAFT_LOST_ON_TAB_RETURN|HIDDEN_REQUIRED_NUMERIC|APPLIED_INPUTS_LOST_ON_RETURN","START_ENABLED_WITH_UNAPPLIED_DRAFT","X-GLY-04","2","true","","","1","10",".scratch/persona-100-browser/baseline-repair/synthetic-p096/evidence.json","fa54024b0fc85ac9051c3b5b23aeafbd20e55a2f05a3c367d4f030d2812aef57"
"synthetic-p097","10401935","320","800","홈","10000","NEW_TO_RUNNING","2","4","9","scroll","1.25","false","stale","true","true","false","true","false","0","0","0","INCOMPATIBLE_POOL|UNAPPLIED_DRAFT_FINALIZED","","P-INTRO-LT-S","0","false","P-INTRO-LT-S","NULL","1","10",".scratch/persona-100-browser/baseline/synthetic-p097/evidence.json","f4010312843ef697d58b2a181721d61425c3f906bd3da9e272056b8753a73def"
"synthetic-p098","10409854","360","667","계획","800","NEW_TO_RUNNING","0","EVERY_DAY","10","keyboard-cancel","1","false","none","true","true","false","true","false","0","0","0","INCOMPATIBLE_POOL","START_ENABLED_WITH_UNAPPLIED_DRAFT","P-INTRO-MIX-T","0","false","","","0","10",".scratch/persona-100-browser/baseline/synthetic-p098/evidence.json","70dafc34db332a0cf6cf16b26e2adab725dec7aa26b240ba93e61603eebb5911"
"synthetic-p099","10417773","375","568","일지","5000","NEW_TO_RUNNING","5","5","10","reload","1","false","current","true","true","false","true","false","0","0","0","INCOMPATIBLE_POOL","START_ENABLED_WITH_UNAPPLIED_DRAFT","P-INTRO-ATP-T","0","false","","","0","15",".scratch/persona-100-browser/baseline/synthetic-p099/evidence.json","d54017ed608aa63352a53125956724152bd8bea4703c544474c878857abf1d50"
"synthetic-p100","10425692","390","800","분석","42195","NEW_TO_RUNNING","3","3","10","help-back","1","true","stale","true","false","true","false","false","0","0","0","","","","0","false","","","0","0",".scratch/persona-100-browser/baseline/synthetic-p100/evidence.json","d1d3d06f163789d75f6875980b356c4a74d025ca7861e3283444a6c17bf7a3c0"
